{
    "begin_index": 3,
    "high_N": 2,
    "low_N": 6,
    "border_f": 1.1865534774567805,
    "use_absolute_value": true,
    "peaks_distance": 152,
    "window_size": 5.3634623241166235,
    "dia_treshhold": 0.6887613098188278,
    "sys_trashhold": 0.8397497178812133
}