{
    "begin_index": 4,
    "high_N": 6,
    "low_N": 3,
    "border_f": 0.9785925028881547,
    "use_absolute_value": false,
    "peaks_distance": 119,
    "window_size": 4.703594853939489,
    "dia_treshhold": 0.6994681370792104,
    "sys_trashhold": 0.8877356117046057
}