{
    "begin_index": 1,
    "high_N": 2,
    "low_N": 3,
    "border_f": 1.2993508025033014,
    "use_absolute_value": false,
    "peaks_distance": 176,
    "window_size": 3.7664897102734063,
    "dia_treshhold": 0.715214015918205,
    "sys_trashhold": 0.7684376006888789
}